job_id,date,service_name,price,duration_hours,mechanic
1000,2024-12-01,Battery Replacement,143.69,0.6,Julian
1001,2024-12-01,Oil Change,61.51,3.9,Diego
1002,2024-12-01,Brake Replacement,292.96,1.1,Marc
1003,2024-12-01,Brake Replacement,308.14,1.1,Julian
1004,2024-12-01,Battery Replacement,123.63,2.0,Isabella
1005,2024-12-02,Oil Change,21.3,1.8,Isabella
1006,2024-12-02,Tire Rotation,61.98,1.2,Julian
1007,2024-12-02,Oil Change,46.61,2.3,Julian
1008,2024-12-03,Brake Replacement,291.0,0.8,Marc
1009,2024-12-03,Suspension Repair,414.21,2.9,Isabella
1010,2024-12-04,Oil Change,46.56,2.8,Isabella
1011,2024-12-04,Brake Replacement,305.84,1.6,Isabella
1012,2024-12-04,Tire Rotation,81.67,1.1,Marc
1013,2024-12-05,Tire Rotation,57.9,0.7,Isabella
1014,2024-12-05,Engine Diagnosis,84.86,1.4,Julian
1015,2024-12-05,Tune Up,226.25,3.4,Marc
1016,2024-12-05,Battery Replacement,99.8,2.4,Daniel
1017,2024-12-05,Engine Diagnosis,86.79,1.0,Diego
1018,2024-12-05,Brake Replacement,308.73,3.1,Marc
1019,2024-12-05,Tune Up,263.32,3.2,Diego
1020,2024-12-06,Oil Change,54.97,1.7,Julian
1021,2024-12-06,Tire Rotation,54.63,0.7,Julian
1022,2024-12-07,Engine Diagnosis,114.59,2.5,Diego
1023,2024-12-07,Suspension Repair,411.93,3.2,Diego
1024,2024-12-07,Tune Up,300.58,2.0,Julian
1025,2024-12-07,Battery Replacement,106.19,0.6,Daniel
1026,2024-12-07,Suspension Repair,378.72,2.3,Julian
1027,2024-12-07,Tire Rotation,55.64,3.7,Julian
1028,2024-12-08,Suspension Repair,396.82,1.1,Diego
1029,2024-12-08,Tune Up,243.6,3.8,Isabella
1030,2024-12-08,Tune Up,257.52,3.6,Diego
1031,2024-12-09,Suspension Repair,417.37,0.9,Marc
1032,2024-12-09,Battery Replacement,114.12,3.4,Julian
1033,2024-12-09,Oil Change,28.05,3.5,Marc
1034,2024-12-09,Tune Up,250.08,2.0,Diego
1035,2024-12-09,Oil Change,46.48,1.3,Marc
1036,2024-12-09,Tune Up,244.86,3.8,Julian
1037,2024-12-10,Tire Rotation,27.97,2.2,Diego
1038,2024-12-10,Tire Rotation,23.91,0.6,Diego
1039,2024-12-10,Brake Replacement,285.11,2.6,Diego
1040,2024-12-10,Engine Diagnosis,90.11,1.5,Marc
1041,2024-12-10,Battery Replacement,120.06,3.7,Diego
1042,2024-12-10,Battery Replacement,111.38,2.2,Julian
1043,2024-12-11,Suspension Repair,393.68,2.7,Marc
1044,2024-12-11,Suspension Repair,408.8,0.8,Marc
1045,2024-12-11,Brake Replacement,332.86,3.4,Daniel
1046,2024-12-11,Tire Rotation,25.14,0.6,Diego
1047,2024-12-11,Battery Replacement,111.51,2.6,Isabella
1048,2024-12-11,Brake Replacement,276.74,2.8,Diego
1049,2024-12-12,Tune Up,251.03,1.7,Julian
1050,2024-12-12,Brake Replacement,294.65,2.8,Julian
1051,2024-12-12,Tune Up,258.34,3.4,Diego
1052,2024-12-12,Tire Rotation,60.46,1.3,Diego
1053,2024-12-13,Oil Change,88.09,1.7,Marc
1054,2024-12-13,Suspension Repair,407.83,3.6,Diego
1055,2024-12-13,Brake Replacement,304.45,3.2,Daniel
1056,2024-12-13,Tire Rotation,29.8,1.1,Daniel
1057,2024-12-14,Brake Replacement,303.48,0.9,Diego
1058,2024-12-14,Brake Replacement,302.62,2.9,Marc
1059,2024-12-15,Battery Replacement,101.75,3.1,Isabella
1060,2024-12-15,Suspension Repair,414.45,2.8,Diego
1061,2024-12-15,Battery Replacement,126.19,2.5,Isabella
1062,2024-12-15,Tire Rotation,36.32,1.4,Isabella
1063,2024-12-16,Tire Rotation,28.69,2.2,Diego
1064,2024-12-16,Brake Replacement,309.39,1.5,Marc
1065,2024-12-16,Suspension Repair,387.14,0.6,Daniel
1066,2024-12-16,Oil Change,33.94,3.8,Julian
1067,2024-12-16,Tune Up,257.24,3.8,Julian
1068,2024-12-16,Brake Replacement,296.65,0.6,Marc
1069,2024-12-16,Tune Up,260.71,3.7,Daniel
1070,2024-12-17,Suspension Repair,403.21,3.8,Julian
1071,2024-12-17,Tire Rotation,21.31,2.9,Daniel
1072,2024-12-17,Suspension Repair,386.74,2.7,Daniel
1073,2024-12-17,Suspension Repair,402.31,4.0,Diego
1074,2024-12-17,Suspension Repair,400.87,3.6,Julian
1075,2024-12-17,Battery Replacement,102.86,3.1,Julian
1076,2024-12-17,Battery Replacement,136.25,1.8,Isabella
1077,2024-12-18,Tune Up,265.81,3.3,Diego
1078,2024-12-18,Tune Up,245.27,1.8,Diego
1079,2024-12-18,Oil Change,61.38,0.8,Diego
1080,2024-12-18,Tire Rotation,32.72,2.1,Marc
1081,2024-12-18,Tire Rotation,41.23,2.4,Julian
1082,2024-12-18,Battery Replacement,130.29,0.6,Diego
1083,2024-12-18,Suspension Repair,375.81,0.6,Marc
1084,2024-12-18,Suspension Repair,392.92,0.9,Julian
1085,2024-12-18,Tune Up,266.33,2.3,Diego
1086,2024-12-19,Tune Up,250.68,2.4,Isabella
1087,2024-12-19,Suspension Repair,390.23,2.7,Marc
1088,2024-12-19,Brake Replacement,269.62,3.3,Diego
1089,2024-12-20,Tune Up,252.8,0.6,Marc
1090,2024-12-20,Suspension Repair,388.42,1.1,Isabella
1091,2024-12-21,Oil Change,74.92,2.8,Isabella
1092,2024-12-21,Engine Diagnosis,105.66,2.6,Daniel
1093,2024-12-21,Oil Change,74.77,2.0,Julian
1094,2024-12-22,Engine Diagnosis,96.44,0.8,Diego
1095,2024-12-22,Brake Replacement,328.08,2.2,Julian
1096,2024-12-22,Brake Replacement,280.58,2.0,Isabella
1097,2024-12-23,Oil Change,48.42,1.8,Julian
1098,2024-12-23,Battery Replacement,120.88,3.5,Daniel
1099,2024-12-23,Tune Up,285.22,2.8,Julian
1100,2024-12-24,Tune Up,246.96,2.6,Isabella
1101,2024-12-25,Tune Up,250.91,3.9,Marc
1102,2024-12-25,Brake Replacement,292.7,1.6,Daniel
1103,2024-12-25,Suspension Repair,403.11,3.5,Marc
1104,2024-12-25,Engine Diagnosis,90.67,2.9,Isabella
1105,2024-12-25,Tune Up,244.67,2.7,Isabella
1106,2024-12-25,Tire Rotation,45.43,3.3,Marc
1107,2024-12-25,Suspension Repair,408.72,1.5,Marc
1108,2024-12-26,Battery Replacement,109.96,3.8,Diego
1109,2024-12-26,Tire Rotation,57.43,3.5,Diego
1110,2024-12-26,Tire Rotation,63.29,3.1,Isabella
1111,2024-12-26,Tire Rotation,33.41,0.9,Julian
1112,2024-12-26,Brake Replacement,300.18,3.4,Marc
1113,2024-12-27,Oil Change,63.96,3.7,Diego
1114,2024-12-27,Oil Change,45.93,3.8,Isabella
1115,2024-12-27,Suspension Repair,390.8,3.8,Marc
1116,2024-12-28,Suspension Repair,417.37,3.3,Marc
1117,2024-12-28,Oil Change,61.87,3.3,Julian
1118,2024-12-28,Battery Replacement,119.82,0.7,Julian
1119,2024-12-28,Brake Replacement,286.54,2.4,Julian
1120,2024-12-29,Oil Change,56.19,2.7,Diego
1121,2024-12-29,Oil Change,41.54,0.9,Isabella
1122,2024-12-29,Brake Replacement,303.67,0.8,Diego
1123,2024-12-30,Battery Replacement,112.4,4.0,Daniel
1124,2024-12-30,Brake Replacement,278.28,3.3,Isabella
1125,2024-12-30,Brake Replacement,278.89,3.8,Isabella
1126,2024-12-31,Suspension Repair,369.44,3.7,Daniel
1127,2024-12-31,Brake Replacement,323.55,0.9,Daniel
1128,2024-12-31,Tune Up,245.47,2.1,Daniel
1129,2024-12-31,Brake Replacement,299.93,0.7,Julian
1130,2025-01-01,Oil Change,69.07,2.5,Daniel
1131,2025-01-02,Engine Diagnosis,111.56,3.9,Daniel
1132,2025-01-02,Tire Rotation,43.36,0.8,Daniel
1133,2025-01-02,Tune Up,250.19,2.4,Julian
1134,2025-01-02,Battery Replacement,120.37,2.7,Julian
1135,2025-01-02,Oil Change,57.47,2.9,Daniel
1136,2025-01-02,Battery Replacement,152.3,2.5,Diego
1137,2025-01-03,Tune Up,238.49,3.8,Julian
1138,2025-01-03,Brake Replacement,298.34,2.7,Marc
1139,2025-01-04,Brake Replacement,314.64,2.5,Isabella
1140,2025-01-04,Tire Rotation,20.0,3.3,Marc
1141,2025-01-04,Tire Rotation,45.44,2.9,Marc
1142,2025-01-05,Engine Diagnosis,117.69,4.0,Daniel
1143,2025-01-05,Brake Replacement,292.96,1.0,Julian
1144,2025-01-05,Tire Rotation,20.0,3.9,Isabella
1145,2025-01-05,Oil Change,70.31,3.4,Julian
1146,2025-01-05,Battery Replacement,118.28,2.0,Isabella
1147,2025-01-05,Tune Up,268.57,1.5,Julian
1148,2025-01-05,Oil Change,50.08,3.2,Marc
1149,2025-01-05,Brake Replacement,300.7,3.8,Daniel
1150,2025-01-06,Tire Rotation,41.8,1.3,Daniel
1151,2025-01-06,Brake Replacement,307.72,2.9,Daniel
1152,2025-01-06,Oil Change,26.99,0.9,Marc
1153,2025-01-07,Tire Rotation,59.17,1.0,Julian
1154,2025-01-07,Tire Rotation,62.34,1.2,Diego
1155,2025-01-07,Tune Up,263.17,1.0,Daniel
1156,2025-01-07,Engine Diagnosis,74.04,2.0,Daniel
1157,2025-01-07,Battery Replacement,141.67,3.7,Isabella
1158,2025-01-07,Battery Replacement,123.0,3.2,Daniel
1159,2025-01-07,Brake Replacement,267.44,1.9,Marc
1160,2025-01-07,Engine Diagnosis,114.72,3.8,Marc
1161,2025-01-08,Oil Change,54.96,2.1,Isabella
1162,2025-01-08,Battery Replacement,119.91,1.7,Isabella
1163,2025-01-08,Oil Change,56.05,2.7,Diego
1164,2025-01-09,Oil Change,33.48,1.7,Julian
1165,2025-01-10,Suspension Repair,407.32,0.6,Daniel
1166,2025-01-10,Suspension Repair,392.05,1.1,Isabella
1167,2025-01-10,Brake Replacement,288.11,0.8,Julian
1168,2025-01-10,Suspension Repair,398.39,1.2,Julian
1169,2025-01-11,Tune Up,234.47,3.3,Marc
1170,2025-01-11,Oil Change,39.5,3.6,Isabella
1171,2025-01-11,Oil Change,53.21,3.7,Marc
1172,2025-01-12,Tire Rotation,49.21,1.1,Julian
1173,2025-01-13,Suspension Repair,411.36,2.1,Marc
1174,2025-01-13,Suspension Repair,412.77,3.6,Isabella
1175,2025-01-13,Oil Change,35.18,2.3,Isabella
1176,2025-01-13,Oil Change,35.42,2.1,Daniel
1177,2025-01-14,Battery Replacement,121.19,0.6,Isabella
1178,2025-01-14,Suspension Repair,384.08,1.6,Isabella
1179,2025-01-14,Engine Diagnosis,90.18,0.9,Diego
1180,2025-01-15,Brake Replacement,335.61,3.1,Diego
1181,2025-01-15,Brake Replacement,315.22,2.0,Diego
1182,2025-01-15,Tire Rotation,34.18,1.8,Marc
1183,2025-01-15,Battery Replacement,109.97,2.8,Diego
1184,2025-01-15,Tire Rotation,20.0,4.0,Diego
1185,2025-01-16,Tune Up,264.12,1.0,Julian
1186,2025-01-16,Oil Change,40.24,1.2,Daniel
1187,2025-01-17,Suspension Repair,392.69,2.3,Isabella
1188,2025-01-17,Oil Change,54.06,0.9,Julian
1189,2025-01-17,Suspension Repair,399.25,1.9,Marc
1190,2025-01-18,Suspension Repair,374.96,3.2,Diego
1191,2025-01-18,Brake Replacement,308.15,1.2,Diego
1192,2025-01-18,Oil Change,38.55,2.3,Marc
1193,2025-01-18,Engine Diagnosis,72.93,1.3,Diego
1194,2025-01-18,Brake Replacement,303.9,1.5,Daniel
1195,2025-01-18,Tune Up,236.44,2.5,Isabella
1196,2025-01-18,Battery Replacement,119.01,2.4,Diego
1197,2025-01-19,Suspension Repair,381.83,1.0,Isabella
1198,2025-01-20,Oil Change,62.54,3.2,Isabella
1199,2025-01-20,Engine Diagnosis,83.05,2.6,Julian
1200,2025-01-20,Brake Replacement,262.93,1.7,Diego
1201,2025-01-21,Oil Change,38.05,0.7,Julian
1202,2025-01-21,Battery Replacement,127.32,3.4,Isabella
1203,2025-01-21,Brake Replacement,323.7,1.0,Diego
1204,2025-01-21,Engine Diagnosis,91.08,1.1,Isabella
1205,2025-01-21,Brake Replacement,308.82,1.1,Diego
1206,2025-01-21,Brake Replacement,308.15,2.3,Diego
1207,2025-01-22,Suspension Repair,415.52,2.1,Daniel
1208,2025-01-22,Engine Diagnosis,115.77,2.3,Julian
1209,2025-01-22,Oil Change,37.35,1.3,Daniel
1210,2025-01-22,Tune Up,246.41,2.4,Diego
1211,2025-01-22,Oil Change,62.35,3.7,Julian
1212,2025-01-23,Engine Diagnosis,105.08,2.7,Marc
1213,2025-01-23,Battery Replacement,113.77,2.4,Diego
1214,2025-01-23,Brake Replacement,302.73,1.0,Daniel
1215,2025-01-23,Suspension Repair,403.72,1.6,Daniel
1216,2025-01-24,Suspension Repair,422.65,3.6,Julian
1217,2025-01-24,Oil Change,56.03,1.7,Julian
1218,2025-01-25,Battery Replacement,139.3,1.0,Marc
1219,2025-01-25,Suspension Repair,393.33,1.3,Julian
1220,2025-01-25,Tune Up,264.46,2.7,Diego
1221,2025-01-26,Suspension Repair,414.6,3.7,Isabella
1222,2025-01-26,Brake Replacement,273.32,2.1,Daniel
1223,2025-01-26,Brake Replacement,322.44,3.8,Julian
1224,2025-01-26,Engine Diagnosis,104.2,2.3,Diego
1225,2025-01-27,Tune Up,233.12,3.6,Julian
1226,2025-01-28,Engine Diagnosis,123.9,3.8,Marc
1227,2025-01-28,Battery Replacement,112.33,3.7,Marc
1228,2025-01-28,Battery Replacement,105.16,3.9,Julian
1229,2025-01-28,Engine Diagnosis,98.11,3.4,Isabella
1230,2025-01-28,Tune Up,250.84,2.6,Daniel
1231,2025-01-28,Suspension Repair,416.41,1.9,Marc
1232,2025-01-28,Brake Replacement,297.63,3.3,Marc
1233,2025-01-30,Tune Up,243.6,3.1,Marc
1234,2025-01-30,Tire Rotation,20.0,2.1,Julian
1235,2025-01-30,Brake Replacement,296.09,1.0,Diego
1236,2025-01-30,Tune Up,249.9,2.0,Daniel
1237,2025-01-30,Tune Up,230.21,3.7,Marc
1238,2025-01-31,Engine Diagnosis,84.74,3.9,Marc
1239,2025-01-31,Tune Up,257.75,1.0,Julian
1240,2025-01-31,Tire Rotation,28.01,4.0,Julian
1241,2025-02-01,Tune Up,247.53,1.2,Daniel
1242,2025-02-01,Brake Replacement,298.28,1.2,Marc
1243,2025-02-01,Tune Up,252.33,0.6,Daniel
1244,2025-02-02,Engine Diagnosis,96.18,2.3,Diego
1245,2025-02-02,Tune Up,272.56,2.0,Marc
1246,2025-02-03,Brake Replacement,278.89,2.8,Julian
1247,2025-02-03,Battery Replacement,108.33,1.9,Marc
1248,2025-02-03,Tire Rotation,54.04,0.6,Diego
1249,2025-02-04,Engine Diagnosis,119.07,0.9,Julian
1250,2025-02-04,Tune Up,242.13,2.8,Diego
1251,2025-02-04,Engine Diagnosis,107.34,1.3,Isabella
1252,2025-02-05,Tire Rotation,43.52,1.9,Isabella
1253,2025-02-05,Engine Diagnosis,103.79,2.8,Julian
1254,2025-02-06,Oil Change,24.95,3.6,Diego
1255,2025-02-06,Brake Replacement,326.47,3.4,Isabella
1256,2025-02-06,Engine Diagnosis,81.38,1.8,Julian
1257,2025-02-07,Oil Change,37.76,1.5,Isabella
1258,2025-02-07,Tire Rotation,54.58,3.3,Diego
1259,2025-02-07,Battery Replacement,119.54,2.0,Diego
1260,2025-02-07,Tire Rotation,72.33,1.4,Isabella
1261,2025-02-07,Suspension Repair,410.08,1.0,Julian
1262,2025-02-08,Tire Rotation,20.0,2.4,Isabella
1263,2025-02-08,Brake Replacement,308.28,2.8,Diego
1264,2025-02-08,Oil Change,42.96,0.5,Daniel
1265,2025-02-08,Oil Change,57.9,1.0,Isabella
1266,2025-02-08,Tune Up,274.31,2.8,Isabella
1267,2025-02-09,Battery Replacement,143.56,0.7,Marc
1268,2025-02-09,Engine Diagnosis,107.76,0.8,Daniel
1269,2025-02-09,Oil Change,39.11,2.6,Diego
1270,2025-02-09,Suspension Repair,390.83,1.5,Diego
1271,2025-02-10,Battery Replacement,98.9,3.8,Julian
1272,2025-02-10,Battery Replacement,107.12,0.6,Diego
1273,2025-02-10,Suspension Repair,410.5,1.4,Diego
1274,2025-02-10,Battery Replacement,111.37,2.2,Daniel
1275,2025-02-10,Engine Diagnosis,101.83,2.6,Daniel
1276,2025-02-11,Battery Replacement,119.48,2.9,Diego
1277,2025-02-11,Suspension Repair,426.56,2.0,Marc
1278,2025-02-11,Brake Replacement,310.62,3.3,Daniel
1279,2025-02-12,Battery Replacement,111.56,3.7,Daniel
1280,2025-02-12,Battery Replacement,100.21,2.4,Marc
1281,2025-02-12,Suspension Repair,396.61,3.6,Isabella
1282,2025-02-12,Engine Diagnosis,112.25,2.8,Daniel
1283,2025-02-13,Suspension Repair,409.28,4.0,Julian
1284,2025-02-13,Engine Diagnosis,106.44,1.1,Diego
1285,2025-02-13,Brake Replacement,303.12,2.5,Daniel
1286,2025-02-13,Tune Up,233.78,3.7,Isabella
1287,2025-02-14,Suspension Repair,415.8,2.6,Diego
1288,2025-02-14,Tire Rotation,33.48,0.8,Daniel
1289,2025-02-14,Tire Rotation,35.36,2.9,Marc
1290,2025-02-14,Suspension Repair,418.84,0.7,Daniel
1291,2025-02-14,Tune Up,236.58,1.6,Marc
1292,2025-02-14,Battery Replacement,141.7,1.6,Julian
1293,2025-02-14,Engine Diagnosis,102.95,2.7,Isabella
1294,2025-02-15,Battery Replacement,121.23,3.8,Isabella
1295,2025-02-15,Engine Diagnosis,115.98,3.3,Julian
1296,2025-02-15,Tune Up,242.24,2.2,Marc
1297,2025-02-16,Battery Replacement,141.14,0.9,Diego
1298,2025-02-16,Brake Replacement,279.83,1.5,Marc
1299,2025-02-16,Brake Replacement,286.22,1.3,Julian
1300,2025-02-16,Oil Change,49.48,1.8,Marc
1301,2025-02-16,Tire Rotation,43.51,2.9,Isabella
1302,2025-02-16,Tune Up,264.76,3.8,Julian
1303,2025-02-16,Tire Rotation,36.79,2.1,Daniel
1304,2025-02-17,Battery Replacement,124.34,1.3,Isabella
1305,2025-02-17,Brake Replacement,336.83,1.1,Daniel
1306,2025-02-17,Tire Rotation,30.65,3.2,Daniel
1307,2025-02-17,Brake Replacement,291.67,1.7,Marc
1308,2025-02-17,Battery Replacement,141.31,2.9,Julian
1309,2025-02-18,Tune Up,241.44,2.4,Julian
1310,2025-02-18,Tune Up,273.21,0.8,Daniel
1311,2025-02-18,Brake Replacement,326.94,3.6,Marc
1312,2025-02-19,Tune Up,237.24,1.9,Isabella
1313,2025-02-19,Tire Rotation,41.57,1.8,Julian
1314,2025-02-19,Suspension Repair,413.26,2.2,Marc
1315,2025-02-19,Tune Up,235.74,0.8,Julian
1316,2025-02-19,Tire Rotation,50.42,0.8,Marc
1317,2025-02-19,Tune Up,234.09,3.5,Daniel
1318,2025-02-20,Battery Replacement,128.76,3.3,Isabella
1319,2025-02-20,Suspension Repair,394.61,2.8,Isabella
1320,2025-02-20,Engine Diagnosis,112.31,2.9,Daniel
1321,2025-02-20,Suspension Repair,407.61,2.9,Isabella
1322,2025-02-20,Tire Rotation,60.73,1.1,Isabella
1323,2025-02-20,Tire Rotation,49.73,3.6,Marc
1324,2025-02-21,Battery Replacement,138.1,1.1,Daniel
1325,2025-02-21,Tire Rotation,27.75,3.4,Diego
1326,2025-02-21,Tune Up,250.43,0.5,Marc
1327,2025-02-22,Tune Up,269.18,2.4,Diego
1328,2025-02-22,Tune Up,245.38,3.2,Isabella
1329,2025-02-22,Tire Rotation,43.29,2.4,Marc
1330,2025-02-22,Engine Diagnosis,98.57,2.7,Daniel
1331,2025-02-22,Oil Change,54.19,3.8,Diego
1332,2025-02-23,Brake Replacement,316.1,0.7,Diego
1333,2025-02-23,Engine Diagnosis,84.6,2.5,Diego
1334,2025-02-23,Suspension Repair,417.93,0.7,Julian
1335,2025-02-24,Brake Replacement,277.15,0.6,Marc
1336,2025-02-24,Brake Replacement,298.03,3.2,Daniel
1337,2025-02-24,Battery Replacement,89.47,2.9,Marc
1338,2025-02-24,Battery Replacement,94.49,4.0,Marc
1339,2025-02-24,Oil Change,43.9,2.0,Daniel
1340,2025-02-24,Tire Rotation,21.55,3.3,Diego
1341,2025-02-25,Suspension Repair,397.33,2.9,Daniel
1342,2025-02-25,Tire Rotation,20.8,3.8,Julian
1343,2025-02-26,Brake Replacement,313.09,1.9,Daniel
1344,2025-02-26,Tire Rotation,53.47,1.3,Isabella
1345,2025-02-26,Battery Replacement,116.9,1.2,Julian
1346,2025-02-26,Tune Up,251.11,1.8,Isabella
1347,2025-02-27,Tire Rotation,36.56,1.0,Daniel
1348,2025-02-27,Oil Change,68.74,2.2,Diego
1349,2025-02-27,Engine Diagnosis,107.37,0.9,Daniel
1350,2025-02-27,Tune Up,255.62,2.0,Daniel
1351,2025-02-27,Suspension Repair,388.64,1.2,Isabella
1352,2025-02-27,Tune Up,238.89,2.5,Isabella
1353,2025-02-27,Brake Replacement,299.79,1.4,Daniel
1354,2025-02-27,Brake Replacement,290.48,2.1,Diego
1355,2025-02-27,Tire Rotation,54.94,0.5,Daniel
1356,2025-02-28,Oil Change,26.24,2.9,Daniel
1357,2025-02-28,Engine Diagnosis,111.41,3.5,Daniel
1358,2025-03-01,Battery Replacement,116.05,4.0,Marc
1359,2025-03-01,Tune Up,243.95,1.0,Daniel
1360,2025-03-02,Brake Replacement,303.13,0.8,Isabella
1361,2025-03-02,Suspension Repair,369.37,1.7,Julian
1362,2025-03-02,Tire Rotation,24.98,2.5,Isabella
1363,2025-03-02,Suspension Repair,395.78,2.9,Julian
1364,2025-03-03,Oil Change,70.99,0.6,Daniel
1365,2025-03-03,Brake Replacement,313.87,3.8,Daniel
1366,2025-03-03,Brake Replacement,300.89,3.0,Julian
1367,2025-03-04,Engine Diagnosis,90.3,3.6,Daniel
1368,2025-03-04,Engine Diagnosis,119.76,2.1,Marc
1369,2025-03-04,Tire Rotation,42.96,2.8,Diego
1370,2025-03-04,Engine Diagnosis,126.04,0.8,Daniel
1371,2025-03-04,Engine Diagnosis,102.97,0.7,Daniel
1372,2025-03-05,Engine Diagnosis,107.84,2.8,Julian
1373,2025-03-05,Tire Rotation,31.39,2.2,Julian
1374,2025-03-05,Battery Replacement,145.91,1.3,Isabella
1375,2025-03-06,Oil Change,56.54,0.6,Diego
1376,2025-03-06,Brake Replacement,296.14,3.5,Julian
1377,2025-03-06,Tune Up,224.97,3.0,Julian
1378,2025-03-06,Tune Up,242.75,1.7,Julian
1379,2025-03-06,Brake Replacement,323.61,1.8,Marc
1380,2025-03-07,Tune Up,248.42,3.6,Julian
1381,2025-03-07,Suspension Repair,426.71,3.7,Marc
1382,2025-03-07,Brake Replacement,275.51,2.6,Marc
1383,2025-03-07,Tire Rotation,31.41,3.7,Julian
1384,2025-03-08,Suspension Repair,407.41,1.1,Marc
1385,2025-03-08,Tire Rotation,43.91,1.3,Diego
1386,2025-03-08,Tune Up,249.62,1.4,Diego
1387,2025-03-08,Brake Replacement,317.59,3.5,Isabella
1388,2025-03-09,Suspension Repair,405.61,1.4,Julian
1389,2025-03-09,Tune Up,248.7,2.8,Marc
1390,2025-03-09,Engine Diagnosis,116.62,1.0,Julian
1391,2025-03-09,Suspension Repair,389.38,3.9,Julian
1392,2025-03-10,Engine Diagnosis,101.15,1.7,Isabella
1393,2025-03-10,Battery Replacement,100.76,3.4,Daniel
1394,2025-03-11,Tire Rotation,52.71,2.2,Marc
1395,2025-03-11,Oil Change,68.34,3.5,Isabella
1396,2025-03-11,Battery Replacement,125.44,3.5,Marc
1397,2025-03-11,Oil Change,69.48,1.2,Diego
1398,2025-03-12,Tune Up,260.91,0.6,Isabella
1399,2025-03-12,Tune Up,250.78,0.9,Julian
1400,2025-03-13,Tune Up,252.09,3.5,Isabella
1401,2025-03-13,Tune Up,256.79,2.1,Julian
1402,2025-03-13,Engine Diagnosis,68.49,2.8,Isabella
1403,2025-03-13,Tire Rotation,84.07,1.0,Diego
1404,2025-03-14,Oil Change,35.92,2.9,Isabella
1405,2025-03-15,Battery Replacement,129.66,2.9,Diego
1406,2025-03-15,Oil Change,49.54,2.7,Daniel
1407,2025-03-15,Tune Up,280.05,3.5,Daniel
1408,2025-03-15,Oil Change,43.27,3.8,Daniel
1409,2025-03-15,Engine Diagnosis,101.01,2.9,Daniel
1410,2025-03-16,Battery Replacement,135.08,3.2,Marc
1411,2025-03-16,Tire Rotation,36.21,2.5,Marc
1412,2025-03-16,Battery Replacement,128.47,1.9,Isabella
1413,2025-03-16,Battery Replacement,125.33,1.6,Diego
1414,2025-03-16,Suspension Repair,415.7,3.2,Isabella
1415,2025-03-17,Tune Up,258.55,1.6,Daniel
1416,2025-03-17,Tire Rotation,20.83,2.9,Daniel
1417,2025-03-17,Tune Up,225.34,1.9,Isabella
1418,2025-03-17,Engine Diagnosis,76.71,1.8,Diego
1419,2025-03-17,Tune Up,245.45,1.3,Marc
1420,2025-03-18,Tune Up,216.26,3.5,Julian
1421,2025-03-18,Engine Diagnosis,89.76,2.3,Daniel
1422,2025-03-18,Brake Replacement,293.19,1.7,Daniel
1423,2025-03-19,Suspension Repair,399.7,3.0,Isabella
1424,2025-03-19,Battery Replacement,131.38,1.4,Daniel
1425,2025-03-19,Engine Diagnosis,104.22,3.7,Julian
1426,2025-03-19,Tire Rotation,28.69,2.2,Diego
1427,2025-03-19,Brake Replacement,295.79,1.4,Daniel
1428,2025-03-19,Brake Replacement,285.17,3.3,Diego
1429,2025-03-20,Tune Up,233.45,0.9,Diego
1430,2025-03-20,Engine Diagnosis,108.25,1.1,Diego
1431,2025-03-20,Suspension Repair,385.47,2.3,Diego
1432,2025-03-20,Suspension Repair,390.98,2.5,Julian
1433,2025-03-20,Suspension Repair,404.8,1.4,Marc
1434,2025-03-21,Oil Change,57.08,2.6,Marc
1435,2025-03-21,Battery Replacement,122.09,3.4,Daniel
1436,2025-03-21,Tire Rotation,35.74,1.2,Isabella
1437,2025-03-21,Tune Up,256.02,2.6,Marc
1438,2025-03-22,Battery Replacement,115.58,2.8,Daniel
1439,2025-03-22,Battery Replacement,138.72,0.8,Daniel
1440,2025-03-22,Tire Rotation,27.47,2.6,Julian
1441,2025-03-22,Oil Change,82.18,1.1,Diego
1442,2025-03-22,Brake Replacement,309.51,1.3,Daniel
1443,2025-03-22,Battery Replacement,126.21,0.8,Marc
1444,2025-03-23,Engine Diagnosis,114.46,1.3,Isabella
1445,2025-03-24,Engine Diagnosis,133.16,2.9,Daniel
1446,2025-03-24,Suspension Repair,378.47,3.0,Isabella
1447,2025-03-24,Engine Diagnosis,71.3,2.9,Daniel
1448,2025-03-24,Battery Replacement,124.54,2.5,Isabella
1449,2025-03-25,Engine Diagnosis,91.99,3.6,Diego
1450,2025-03-25,Battery Replacement,111.27,1.3,Daniel
1451,2025-03-26,Engine Diagnosis,84.78,0.7,Diego
1452,2025-03-26,Engine Diagnosis,90.67,2.4,Marc
1453,2025-03-27,Oil Change,60.52,2.5,Marc
1454,2025-03-27,Engine Diagnosis,96.09,0.7,Julian
1455,2025-03-27,Battery Replacement,145.9,2.5,Isabella
1456,2025-03-27,Tune Up,235.14,2.4,Marc
1457,2025-03-27,Brake Replacement,309.44,0.8,Marc
1458,2025-03-27,Battery Replacement,143.75,1.7,Daniel
1459,2025-03-27,Engine Diagnosis,95.4,2.8,Isabella
1460,2025-03-28,Tune Up,268.2,2.3,Isabella
1461,2025-03-28,Suspension Repair,402.13,2.7,Diego
1462,2025-03-28,Oil Change,52.88,0.9,Marc
1463,2025-03-28,Engine Diagnosis,95.36,3.4,Marc
1464,2025-03-29,Engine Diagnosis,88.21,0.8,Marc
1465,2025-03-29,Engine Diagnosis,80.03,3.8,Julian
1466,2025-03-29,Battery Replacement,92.46,1.9,Isabella
1467,2025-03-30,Brake Replacement,307.62,3.8,Diego
1468,2025-03-30,Oil Change,51.23,1.8,Julian
1469,2025-03-30,Suspension Repair,398.52,3.6,Diego
1470,2025-03-30,Battery Replacement,124.01,3.3,Marc
1471,2025-03-30,Battery Replacement,124.83,1.6,Daniel
1472,2025-03-30,Oil Change,47.38,1.1,Julian
1473,2025-03-30,Suspension Repair,388.66,2.9,Diego
1474,2025-03-31,Tire Rotation,60.85,1.1,Daniel
1475,2025-03-31,Tire Rotation,48.37,2.3,Diego
1476,2025-03-31,Brake Replacement,284.02,1.8,Julian
1477,2025-03-31,Engine Diagnosis,95.42,0.7,Daniel
1478,2025-03-31,Oil Change,50.85,3.9,Julian
1479,2025-03-31,Tire Rotation,47.95,2.0,Daniel
1480,2025-03-31,Oil Change,50.97,2.0,Isabella
1481,2025-04-01,Battery Replacement,90.37,2.7,Julian
1482,2025-04-01,Brake Replacement,285.5,0.7,Marc
1483,2025-04-02,Tune Up,256.26,2.9,Isabella
1484,2025-04-02,Engine Diagnosis,90.8,2.9,Julian
1485,2025-04-02,Brake Replacement,295.46,0.7,Julian
1486,2025-04-02,Suspension Repair,402.41,3.3,Daniel
1487,2025-04-03,Suspension Repair,400.05,3.6,Isabella
1488,2025-04-03,Tune Up,229.5,1.8,Isabella
1489,2025-04-03,Brake Replacement,296.63,1.9,Isabella
1490,2025-04-03,Tire Rotation,48.12,3.2,Daniel
1491,2025-04-03,Tire Rotation,51.39,0.5,Diego
1492,2025-04-04,Tune Up,262.95,1.0,Isabella
1493,2025-04-04,Tire Rotation,28.05,2.4,Diego
1494,2025-04-05,Suspension Repair,385.09,2.4,Isabella
1495,2025-04-06,Oil Change,49.54,1.6,Isabella
1496,2025-04-06,Battery Replacement,117.41,1.8,Julian
1497,2025-04-06,Tune Up,275.68,1.9,Marc
1498,2025-04-06,Battery Replacement,142.07,3.6,Marc
1499,2025-04-07,Engine Diagnosis,96.86,3.4,Julian
1500,2025-04-07,Brake Replacement,332.36,2.8,Marc
1501,2025-04-07,Brake Replacement,290.91,3.6,Isabella
1502,2025-04-07,Oil Change,69.53,0.7,Marc
1503,2025-04-07,Oil Change,73.42,2.3,Daniel
1504,2025-04-08,Tire Rotation,43.55,0.8,Isabella
1505,2025-04-08,Tire Rotation,33.18,0.7,Diego
1506,2025-04-08,Oil Change,37.96,1.5,Marc
1507,2025-04-08,Engine Diagnosis,119.48,1.7,Diego
1508,2025-04-09,Battery Replacement,124.24,3.2,Daniel
1509,2025-04-09,Oil Change,39.38,1.4,Marc
1510,2025-04-09,Engine Diagnosis,109.11,1.8,Isabella
1511,2025-04-10,Battery Replacement,139.67,3.2,Marc
1512,2025-04-10,Tire Rotation,46.84,0.6,Julian
1513,2025-04-11,Suspension Repair,432.48,1.7,Marc
1514,2025-04-11,Battery Replacement,104.33,2.0,Marc
1515,2025-04-11,Engine Diagnosis,70.5,2.6,Marc
1516,2025-04-11,Oil Change,46.68,3.6,Julian
1517,2025-04-11,Brake Replacement,295.85,2.8,Diego
1518,2025-04-11,Suspension Repair,412.91,3.5,Isabella
1519,2025-04-11,Engine Diagnosis,91.25,3.5,Daniel
1520,2025-04-11,Oil Change,47.49,3.1,Daniel
1521,2025-04-11,Battery Replacement,124.24,2.1,Diego
1522,2025-04-12,Battery Replacement,118.58,3.0,Daniel
1523,2025-04-12,Engine Diagnosis,98.71,3.4,Isabella
1524,2025-04-12,Suspension Repair,400.46,3.4,Daniel
1525,2025-04-12,Tire Rotation,20.0,3.1,Julian
1526,2025-04-12,Suspension Repair,434.51,2.3,Julian
1527,2025-04-12,Tire Rotation,56.13,1.5,Diego
1528,2025-04-12,Suspension Repair,427.17,3.6,Diego
1529,2025-04-12,Oil Change,59.35,2.7,Julian
1530,2025-04-13,Brake Replacement,312.43,4.0,Isabella
1531,2025-04-13,Suspension Repair,386.1,0.8,Julian
1532,2025-04-13,Tune Up,269.32,1.2,Diego
1533,2025-04-14,Suspension Repair,393.66,3.2,Julian
1534,2025-04-14,Tune Up,247.99,3.2,Marc
1535,2025-04-14,Tire Rotation,40.22,0.6,Isabella
1536,2025-04-14,Battery Replacement,108.23,3.9,Daniel
1537,2025-04-15,Engine Diagnosis,109.72,1.6,Marc
1538,2025-04-15,Suspension Repair,387.74,3.0,Daniel
1539,2025-04-16,Battery Replacement,88.59,2.7,Daniel
1540,2025-04-16,Oil Change,67.5,0.8,Daniel
1541,2025-04-16,Engine Diagnosis,91.41,2.6,Daniel
1542,2025-04-16,Engine Diagnosis,133.21,0.7,Diego
1543,2025-04-16,Battery Replacement,115.56,2.5,Julian
1544,2025-04-17,Tune Up,266.74,3.0,Marc
1545,2025-04-17,Engine Diagnosis,90.26,3.3,Daniel
1546,2025-04-17,Battery Replacement,78.4,1.0,Daniel
1547,2025-04-17,Engine Diagnosis,112.01,1.6,Daniel
1548,2025-04-17,Tune Up,237.35,1.3,Isabella
1549,2025-04-17,Oil Change,47.97,2.6,Daniel
1550,2025-04-17,Oil Change,52.85,2.0,Diego
1551,2025-04-18,Engine Diagnosis,108.65,2.5,Diego
1552,2025-04-18,Oil Change,31.2,1.8,Daniel
1553,2025-04-18,Tune Up,255.23,1.7,Isabella
1554,2025-04-18,Tune Up,242.08,2.3,Julian
1555,2025-04-18,Battery Replacement,131.57,1.5,Isabella
1556,2025-04-19,Tire Rotation,37.12,2.2,Daniel
1557,2025-04-19,Oil Change,70.86,1.0,Marc
1558,2025-04-19,Suspension Repair,403.09,2.2,Diego
1559,2025-04-19,Suspension Repair,394.32,2.0,Daniel
1560,2025-04-19,Battery Replacement,133.5,1.1,Daniel
1561,2025-04-20,Tune Up,261.67,0.7,Julian
1562,2025-04-20,Brake Replacement,285.35,1.4,Diego
1563,2025-04-20,Suspension Repair,386.61,3.7,Marc
1564,2025-04-20,Engine Diagnosis,87.4,3.2,Daniel
1565,2025-04-20,Battery Replacement,106.16,2.1,Daniel
1566,2025-04-21,Oil Change,51.52,1.9,Julian
1567,2025-04-21,Battery Replacement,103.03,1.7,Isabella
1568,2025-04-21,Tune Up,253.71,2.5,Marc
1569,2025-04-22,Battery Replacement,121.31,3.1,Marc
1570,2025-04-22,Engine Diagnosis,83.34,2.5,Isabella
1571,2025-04-22,Oil Change,58.51,2.1,Isabella
1572,2025-04-23,Tire Rotation,28.98,3.5,Julian
1573,2025-04-23,Brake Replacement,287.85,2.5,Julian
1574,2025-04-23,Tire Rotation,24.76,3.5,Julian
1575,2025-04-23,Battery Replacement,120.93,3.0,Marc
1576,2025-04-24,Tire Rotation,23.92,1.1,Diego
1577,2025-04-24,Suspension Repair,356.18,3.8,Diego
1578,2025-04-24,Tire Rotation,46.55,2.1,Daniel
1579,2025-04-25,Tire Rotation,53.56,2.3,Marc
1580,2025-04-25,Tire Rotation,37.26,0.7,Isabella
1581,2025-04-25,Brake Replacement,320.62,3.3,Daniel
1582,2025-04-26,Brake Replacement,317.43,2.3,Isabella
1583,2025-04-26,Suspension Repair,388.47,1.2,Marc
1584,2025-04-27,Tune Up,249.08,3.7,Julian
1585,2025-04-27,Engine Diagnosis,88.96,2.4,Daniel
1586,2025-04-27,Engine Diagnosis,85.4,2.8,Isabella
1587,2025-04-27,Engine Diagnosis,99.92,3.4,Julian
1588,2025-04-27,Engine Diagnosis,119.64,3.9,Diego
1589,2025-04-27,Tune Up,241.48,1.2,Isabella
1590,2025-04-27,Suspension Repair,372.54,3.3,Daniel
1591,2025-04-28,Tune Up,253.01,2.9,Marc
1592,2025-04-28,Tire Rotation,30.35,3.5,Isabella
1593,2025-04-28,Tire Rotation,55.45,3.7,Diego
1594,2025-04-28,Engine Diagnosis,94.98,1.1,Isabella
1595,2025-04-28,Tune Up,243.95,3.6,Isabella
1596,2025-04-28,Tire Rotation,25.67,2.0,Daniel
1597,2025-04-29,Engine Diagnosis,106.35,2.0,Marc
1598,2025-04-29,Battery Replacement,104.06,3.6,Marc
1599,2025-04-29,Suspension Repair,406.42,2.0,Daniel
1600,2025-04-29,Brake Replacement,317.81,3.0,Daniel
1601,2025-04-29,Oil Change,88.84,3.6,Diego
1602,2025-04-30,Battery Replacement,124.06,2.4,Daniel
1603,2025-04-30,Battery Replacement,124.56,3.0,Daniel
1604,2025-05-01,Tire Rotation,32.52,1.1,Marc
1605,2025-05-01,Tire Rotation,54.89,3.0,Julian
1606,2025-05-01,Brake Replacement,291.52,1.7,Isabella
1607,2025-05-01,Suspension Repair,393.84,2.1,Diego
1608,2025-05-01,Tune Up,261.45,2.7,Julian
1609,2025-05-02,Tune Up,268.86,2.9,Daniel
1610,2025-05-02,Oil Change,67.92,0.7,Isabella
1611,2025-05-02,Tire Rotation,23.18,1.1,Julian
1612,2025-05-02,Battery Replacement,113.97,3.4,Marc
1613,2025-05-02,Tire Rotation,47.86,1.5,Marc
1614,2025-05-03,Oil Change,57.71,3.5,Daniel
1615,2025-05-03,Tune Up,252.69,3.2,Diego
1616,2025-05-03,Engine Diagnosis,109.52,1.4,Isabella
1617,2025-05-03,Battery Replacement,136.65,3.7,Daniel
1618,2025-05-04,Battery Replacement,122.11,1.8,Julian
1619,2025-05-04,Tune Up,266.51,3.9,Diego
1620,2025-05-04,Tune Up,247.19,0.6,Isabella
1621,2025-05-04,Tire Rotation,25.86,3.1,Diego
1622,2025-05-05,Battery Replacement,133.33,1.5,Daniel
1623,2025-05-05,Tune Up,242.1,3.6,Isabella
1624,2025-05-05,Oil Change,55.09,2.4,Isabella
1625,2025-05-05,Oil Change,40.31,0.8,Marc
1626,2025-05-05,Battery Replacement,91.72,2.6,Diego
1627,2025-05-05,Brake Replacement,295.56,1.5,Julian
1628,2025-05-05,Tire Rotation,55.75,0.7,Julian
1629,2025-05-06,Tune Up,237.04,1.3,Julian
1630,2025-05-06,Tire Rotation,41.05,0.7,Marc
1631,2025-05-06,Battery Replacement,137.43,3.4,Diego
1632,2025-05-06,Oil Change,36.09,0.8,Julian
1633,2025-05-06,Engine Diagnosis,103.58,3.7,Julian
1634,2025-05-06,Engine Diagnosis,114.63,3.6,Diego
1635,2025-05-07,Engine Diagnosis,107.52,3.2,Daniel
1636,2025-05-07,Brake Replacement,313.29,2.1,Marc
1637,2025-05-07,Suspension Repair,403.45,2.6,Daniel
1638,2025-05-07,Suspension Repair,418.33,3.0,Marc
1639,2025-05-08,Brake Replacement,326.24,1.8,Marc
1640,2025-05-08,Oil Change,82.56,3.8,Isabella
1641,2025-05-09,Tune Up,247.36,1.4,Daniel
1642,2025-05-09,Suspension Repair,393.41,0.7,Marc
1643,2025-05-09,Tire Rotation,20.0,1.0,Isabella
1644,2025-05-09,Brake Replacement,296.7,1.2,Marc
1645,2025-05-10,Tire Rotation,20.0,0.5,Diego
1646,2025-05-10,Tire Rotation,35.36,3.3,Diego
1647,2025-05-10,Battery Replacement,108.72,2.5,Julian
1648,2025-05-10,Tune Up,221.87,3.8,Daniel
1649,2025-05-11,Engine Diagnosis,101.73,1.7,Isabella
1650,2025-05-11,Brake Replacement,316.14,2.2,Julian
1651,2025-05-11,Tire Rotation,40.32,3.0,Diego
1652,2025-05-12,Suspension Repair,372.95,3.7,Diego
1653,2025-05-12,Battery Replacement,96.24,3.0,Daniel
1654,2025-05-12,Battery Replacement,96.28,3.4,Diego
1655,2025-05-13,Tire Rotation,53.43,2.7,Diego
1656,2025-05-13,Brake Replacement,302.17,2.9,Daniel
1657,2025-05-14,Tune Up,240.78,0.9,Daniel
1658,2025-05-14,Oil Change,72.82,0.7,Marc
1659,2025-05-14,Tire Rotation,32.64,0.8,Isabella
1660,2025-05-15,Engine Diagnosis,110.62,2.6,Isabella
1661,2025-05-15,Engine Diagnosis,103.5,3.6,Diego
1662,2025-05-15,Oil Change,40.81,3.7,Daniel
1663,2025-05-15,Engine Diagnosis,105.42,0.7,Julian
1664,2025-05-15,Suspension Repair,382.84,0.5,Julian
1665,2025-05-15,Suspension Repair,401.63,2.0,Daniel
1666,2025-05-16,Tune Up,252.4,1.7,Diego
1667,2025-05-16,Tune Up,234.58,3.1,Marc
1668,2025-05-16,Suspension Repair,414.54,2.9,Diego
1669,2025-05-17,Brake Replacement,306.41,3.3,Marc
1670,2025-05-17,Suspension Repair,404.33,3.7,Diego
1671,2025-05-17,Battery Replacement,123.9,2.0,Marc
1672,2025-05-17,Battery Replacement,131.9,1.8,Julian
1673,2025-05-17,Battery Replacement,93.77,2.6,Julian
1674,2025-05-18,Engine Diagnosis,85.53,0.6,Daniel
1675,2025-05-18,Oil Change,43.55,2.8,Isabella
1676,2025-05-18,Engine Diagnosis,78.81,0.8,Marc
1677,2025-05-18,Oil Change,68.2,1.9,Diego
1678,2025-05-19,Engine Diagnosis,99.6,2.9,Daniel
1679,2025-05-19,Brake Replacement,304.2,1.0,Marc
1680,2025-05-19,Brake Replacement,292.89,2.3,Isabella
1681,2025-05-19,Engine Diagnosis,99.78,3.9,Isabella
1682,2025-05-20,Suspension Repair,398.67,1.1,Diego
1683,2025-05-21,Tune Up,244.45,2.1,Marc
1684,2025-05-22,Engine Diagnosis,103.59,3.4,Daniel
1685,2025-05-22,Tune Up,263.56,3.9,Diego
1686,2025-05-22,Battery Replacement,96.91,1.7,Diego
1687,2025-05-22,Tune Up,227.71,2.4,Julian
1688,2025-05-23,Tire Rotation,24.05,1.2,Julian
1689,2025-05-23,Brake Replacement,286.9,0.7,Marc
1690,2025-05-23,Tune Up,231.08,3.9,Daniel
1691,2025-05-23,Tune Up,237.02,2.5,Isabella
1692,2025-05-23,Engine Diagnosis,114.42,1.0,Julian
1693,2025-05-24,Tune Up,222.63,2.7,Daniel
1694,2025-05-24,Oil Change,43.28,0.6,Diego
1695,2025-05-24,Suspension Repair,380.86,2.2,Julian
1696,2025-05-24,Tire Rotation,20.0,3.9,Diego
1697,2025-05-24,Battery Replacement,123.61,3.7,Diego
1698,2025-05-24,Suspension Repair,403.99,3.5,Daniel
1699,2025-05-24,Tune Up,276.54,1.0,Diego
1700,2025-05-25,Oil Change,48.13,3.9,Marc
1701,2025-05-25,Tire Rotation,22.41,2.2,Julian
1702,2025-05-25,Suspension Repair,403.83,1.8,Isabella
1703,2025-05-25,Engine Diagnosis,115.69,1.5,Isabella
1704,2025-05-25,Brake Replacement,309.6,1.9,Julian
1705,2025-05-26,Battery Replacement,109.12,3.8,Daniel
1706,2025-05-26,Battery Replacement,117.04,3.5,Diego
1707,2025-05-26,Battery Replacement,117.73,2.0,Daniel
1708,2025-05-26,Oil Change,58.9,2.7,Marc
1709,2025-05-26,Oil Change,20.0,3.7,Julian
1710,2025-05-26,Engine Diagnosis,99.72,2.9,Daniel
1711,2025-05-26,Oil Change,44.17,3.0,Julian
1712,2025-05-26,Brake Replacement,288.41,1.5,Isabella
1713,2025-05-27,Brake Replacement,306.11,3.9,Daniel
1714,2025-05-27,Tire Rotation,54.3,1.5,Diego
1715,2025-05-27,Battery Replacement,127.7,0.6,Isabella
1716,2025-05-28,Tire Rotation,28.49,2.2,Isabella
1717,2025-05-28,Battery Replacement,123.18,0.8,Marc
1718,2025-05-28,Tire Rotation,20.0,0.7,Julian
1719,2025-05-28,Tune Up,225.51,1.7,Daniel
1720,2025-05-28,Suspension Repair,401.6,3.8,Daniel
1721,2025-05-28,Engine Diagnosis,97.98,0.8,Julian
1722,2025-05-28,Battery Replacement,120.45,1.5,Diego
1723,2025-05-28,Brake Replacement,309.13,0.8,Daniel
1724,2025-05-29,Tire Rotation,37.58,1.5,Marc
1725,2025-05-29,Tune Up,239.36,1.3,Diego
1726,2025-05-29,Oil Change,63.09,3.8,Diego
1727,2025-05-30,Suspension Repair,390.55,2.7,Diego
1728,2025-05-30,Oil Change,50.9,1.8,Daniel
1729,2025-05-30,Engine Diagnosis,104.16,2.8,Marc
1730,2025-05-30,Oil Change,20.0,2.6,Daniel
1731,2025-05-31,Oil Change,52.76,3.0,Marc
1732,2025-05-31,Battery Replacement,127.15,2.4,Isabella
1733,2025-05-31,Oil Change,57.58,2.3,Julian
1734,2025-06-01,Tune Up,239.58,2.7,Diego
1735,2025-06-01,Brake Replacement,293.86,0.7,Marc
1736,2025-06-01,Tune Up,237.66,0.5,Isabella
1737,2025-06-02,Brake Replacement,316.82,3.0,Julian
1738,2025-06-02,Tune Up,237.12,0.9,Isabella
1739,2025-06-03,Brake Replacement,316.88,2.0,Isabella
1740,2025-06-03,Brake Replacement,296.61,3.9,Marc
1741,2025-06-03,Engine Diagnosis,111.34,0.8,Marc
1742,2025-06-03,Tune Up,249.02,1.9,Isabella
1743,2025-06-03,Oil Change,79.73,2.7,Diego
1744,2025-06-04,Tune Up,257.83,2.8,Marc
1745,2025-06-05,Brake Replacement,287.75,3.2,Isabella
1746,2025-06-05,Engine Diagnosis,93.43,1.8,Marc
1747,2025-06-05,Oil Change,52.1,3.8,Julian
1748,2025-06-05,Brake Replacement,257.51,2.1,Julian
1749,2025-06-05,Engine Diagnosis,100.25,1.2,Marc
1750,2025-06-06,Suspension Repair,393.2,3.4,Diego
1751,2025-06-06,Oil Change,71.79,3.5,Marc
1752,2025-06-07,Engine Diagnosis,114.56,1.5,Julian
1753,2025-06-07,Brake Replacement,324.03,1.0,Daniel
1754,2025-06-07,Suspension Repair,419.12,1.6,Julian
1755,2025-06-07,Battery Replacement,132.15,2.8,Julian
1756,2025-06-08,Tire Rotation,31.84,0.9,Daniel
1757,2025-06-08,Tune Up,247.56,2.3,Diego
1758,2025-06-08,Suspension Repair,411.11,0.6,Isabella
1759,2025-06-08,Oil Change,42.3,1.8,Daniel
1760,2025-06-09,Suspension Repair,396.57,2.2,Marc
1761,2025-06-10,Suspension Repair,385.08,2.1,Julian
1762,2025-06-10,Battery Replacement,120.34,2.9,Isabella
1763,2025-06-10,Engine Diagnosis,108.21,1.6,Daniel
1764,2025-06-11,Battery Replacement,130.09,0.9,Julian
1765,2025-06-11,Oil Change,58.88,1.4,Daniel
1766,2025-06-11,Tune Up,251.53,1.7,Daniel
1767,2025-06-11,Tire Rotation,63.24,1.8,Julian
1768,2025-06-11,Tire Rotation,42.47,3.5,Daniel
1769,2025-06-12,Oil Change,50.76,3.2,Julian
1770,2025-06-12,Engine Diagnosis,65.9,1.6,Isabella
1771,2025-06-13,Brake Replacement,285.96,1.4,Julian
1772,2025-06-14,Brake Replacement,308.06,0.8,Diego
1773,2025-06-14,Suspension Repair,400.77,1.8,Isabella
1774,2025-06-14,Suspension Repair,390.07,1.0,Diego
1775,2025-06-15,Tire Rotation,31.03,2.9,Isabella
1776,2025-06-15,Suspension Repair,387.84,3.7,Diego
1777,2025-06-15,Tire Rotation,21.14,1.5,Isabella
1778,2025-06-15,Suspension Repair,414.81,3.0,Daniel
1779,2025-06-15,Oil Change,48.86,0.7,Julian
1780,2025-06-15,Tune Up,237.47,1.0,Isabella
1781,2025-06-16,Battery Replacement,151.34,1.5,Marc
1782,2025-06-16,Tire Rotation,37.29,2.4,Daniel
1783,2025-06-16,Brake Replacement,320.59,2.0,Daniel
1784,2025-06-16,Engine Diagnosis,78.64,0.7,Daniel
1785,2025-06-16,Tire Rotation,36.0,3.5,Daniel
1786,2025-06-17,Battery Replacement,113.64,2.6,Julian
1787,2025-06-17,Engine Diagnosis,75.74,0.8,Daniel
1788,2025-06-17,Engine Diagnosis,102.44,1.2,Diego
1789,2025-06-17,Engine Diagnosis,100.62,3.3,Marc
1790,2025-06-17,Battery Replacement,120.4,3.9,Daniel
1791,2025-06-17,Oil Change,58.58,3.2,Julian
1792,2025-06-17,Tune Up,248.73,3.0,Julian
1793,2025-06-17,Oil Change,31.35,1.4,Daniel
1794,2025-06-17,Oil Change,70.89,1.1,Diego
1795,2025-06-17,Tune Up,267.63,2.5,Marc
1796,2025-06-18,Suspension Repair,381.24,1.6,Julian
1797,2025-06-18,Suspension Repair,409.07,3.5,Isabella
1798,2025-06-19,Suspension Repair,431.5,0.9,Diego
1799,2025-06-19,Battery Replacement,116.29,1.5,Julian
1800,2025-06-19,Tire Rotation,51.16,4.0,Diego
1801,2025-06-20,Tune Up,247.28,1.9,Daniel
1802,2025-06-20,Tune Up,253.71,3.8,Julian
1803,2025-06-21,Engine Diagnosis,102.26,2.8,Isabella
1804,2025-06-21,Engine Diagnosis,89.35,3.7,Diego
1805,2025-06-21,Oil Change,41.03,0.9,Isabella
1806,2025-06-21,Suspension Repair,377.11,0.6,Marc
1807,2025-06-21,Brake Replacement,300.49,0.6,Daniel
1808,2025-06-22,Brake Replacement,308.24,3.2,Julian
1809,2025-06-22,Engine Diagnosis,139.51,1.5,Isabella
1810,2025-06-22,Engine Diagnosis,111.69,3.8,Julian
1811,2025-06-22,Tune Up,245.64,3.6,Diego
1812,2025-06-22,Suspension Repair,421.17,2.2,Marc
1813,2025-06-23,Tune Up,243.92,1.7,Daniel
1814,2025-06-23,Tune Up,244.51,0.7,Isabella
1815,2025-06-23,Tune Up,256.66,0.7,Isabella
1816,2025-06-24,Suspension Repair,373.32,2.0,Isabella
1817,2025-06-24,Oil Change,54.79,0.6,Isabella
1818,2025-06-24,Battery Replacement,125.22,0.5,Diego
1819,2025-06-24,Oil Change,42.69,2.0,Marc
1820,2025-06-24,Engine Diagnosis,89.86,3.9,Diego
1821,2025-06-24,Engine Diagnosis,100.51,1.3,Diego
1822,2025-06-24,Oil Change,33.69,1.3,Marc
1823,2025-06-24,Tune Up,233.71,0.5,Marc
1824,2025-06-25,Suspension Repair,417.91,3.4,Daniel
1825,2025-06-25,Oil Change,35.28,1.1,Marc
1826,2025-06-25,Battery Replacement,131.75,3.3,Julian
1827,2025-06-25,Oil Change,46.23,3.9,Isabella
1828,2025-06-25,Brake Replacement,291.04,2.6,Daniel
1829,2025-06-25,Tire Rotation,61.34,2.8,Daniel
1830,2025-06-25,Engine Diagnosis,101.28,3.0,Marc
1831,2025-06-26,Engine Diagnosis,87.88,1.4,Diego
1832,2025-06-26,Battery Replacement,96.17,3.0,Diego
1833,2025-06-26,Tune Up,261.89,3.2,Isabella
1834,2025-06-26,Suspension Repair,400.5,2.3,Julian
1835,2025-06-27,Oil Change,35.66,3.3,Marc
1836,2025-06-27,Brake Replacement,291.63,1.7,Isabella
1837,2025-06-27,Oil Change,33.5,3.9,Julian
1838,2025-06-27,Engine Diagnosis,106.59,3.0,Daniel
1839,2025-06-27,Battery Replacement,131.68,2.5,Daniel
1840,2025-06-27,Tire Rotation,39.92,1.8,Isabella
1841,2025-06-27,Tire Rotation,50.03,1.1,Daniel
1842,2025-06-27,Engine Diagnosis,110.43,1.8,Marc
1843,2025-06-27,Tune Up,262.74,0.6,Isabella
1844,2025-06-27,Oil Change,27.23,3.0,Diego
1845,2025-06-28,Tire Rotation,34.64,3.0,Julian
1846,2025-06-28,Engine Diagnosis,96.43,3.3,Isabella
1847,2025-06-28,Tire Rotation,44.04,2.4,Isabella
1848,2025-06-28,Battery Replacement,105.05,3.5,Diego
1849,2025-06-29,Oil Change,45.8,3.5,Marc
1850,2025-06-29,Tire Rotation,55.9,1.4,Isabella
1851,2025-06-30,Oil Change,59.26,2.9,Julian
1852,2025-06-30,Brake Replacement,301.05,1.5,Diego
1853,2025-06-30,Brake Replacement,290.4,1.6,Marc
1854,2025-06-30,Tune Up,268.75,1.7,Diego
